{"cameraMode":{"drawMode":0,"name":"Shaded","section":"Shading Mode"},"sceneLighting":true,"audioPlay":false,"sceneViewState":{"m_AlwaysRefresh":true,"showFog":true,"showSkybox":true,"showFlares":true,"showImageEffects":true,"showParticleSystems":true,"showVisualEffectGraphs":true,"m_FxEnabled":true},"in2DMode":false,"pivot":{"x":14.90999984741211,"y":11.119998931884766,"z":-24.56999969482422},"rotation":{"x":-0.11852773278951645,"y":0.006550954654812813,"z":-0.0007821599137969315,"w":-0.9929302334785461},"size":1.2635002136230469,"orthographic":false}